{"score": 32.390000000002125, "_timestamp": 1700738518.0566175, "_runtime": 913.1027944087982, "_step": 17, "_wandb": {"runtime": 969}}